Fecha,Torneo,Fase,Local,Resultado,Visitante,Goles River,Goles Boca,Estadio,Ganador,Carácter
1908-08-02,Amistoso,,River Plate,1-2,Boca Juniors,1,2,River Plate,Boca,Amistoso
1912-12-15,Amistoso,,Boca Juniors,1-1,River Plate,1,1,Boca Juniors,Empate,Amistoso
1913-08-24,Campeonato 1913,11,Boca Juniors,1-2,River Plate,2,1,Estadio de Alsina y Colón; (Racing Club),River,Oficial
1914-10-25,Campeonato 1914,13,River Plate,0-0,Boca Juniors,0,0,Estadio de Ferro Carril Oeste,Empate,Oficial
1915-05-02,Copa Competencia Jockey Club 1915,Treintaidosavos de final,Boca Juniors,1-1,River Plate,1,1,Cancha de Wilde,Empate,Oficial
1915-05-09,Copa Competencia Jockey Club 1915,Treintaidosavos de final,River Plate,4-2,Boca Juniors,4,2,Estadio GEBA,River,Oficial
1915-06-20,Campeonato 1915,11,Boca Juniors,0-2,River Plate,2,0,Cancha de Wilde,River,Oficial
1916-12-10,Campeonato 1916,21,River Plate,2-1,Boca Juniors,2,1,Estadio de Alsina y Colón; (Racing Club),River,Oficial
1917-06-24,Campeonato 1917,09,River Plate,2-2,Boca Juniors,2,2,Estadio de Alsina y Colón; (Racing Club),Empate,Oficial
1918-08-30,Copa Competencia Jockey Club 1918,Octavos de final,Boca Juniors,0-1,River Plate,1,0,Estadio de Alsina y Colón; (Racing),River,Oficial
1918-09-18,Campeonato 1918,16,River Plate,0-1,Boca Juniors,0,1,Estadio de Alsina y Colón; (Racing Club),Boca,Oficial
1919-07-27,Campeonato 1919,04,Boca Juniors,0-0,River Plate,0,0,Estadio de Ministro Brin y Sengüel,Empate,Oficial
1927-12-04,Campeonato 1927,33,Boca Juniors,1-0,River Plate,0,1,Estadio de Brandsen y Del Crucero,Boca,Oficial
1928-12-23,Campeonato 1928,27,Boca Juniors,6-0,River Plate,0,6,Estadio de Brandsen y Del Crucero,Boca,Oficial
1930-05-04,Campeonato 1930,07,River Plate,3-2,Boca Juniors,3,2,Estadio de Alvear y Tagle,River,Oficial
1931-09-20,Campeonato 1931,17,Boca Juniors,2-1,River Plate,1,2,Estadio de Brandsen y Del Crucero,Boca,Oficial
1932-01-06,Campeonato 1931,34,River Plate,0-3,Boca Juniors,0,3,Estadio de Alvear y Tagle,Boca,Oficial
1932-06-19,Campeonato 1932,15,River Plate,1-1,Boca Juniors,1,1,Estadio de Alvear y Tagle,Empate,Oficial
1932-10-30,Campeonato 1932,32,Boca Juniors,2-1,River Plate,1,2,Estadio de Brandsen y Del Crucero,Boca,Oficial
1933-07-02,Campeonato 1933,17,Boca Juniors,1-1,River Plate,1,1,Estadio de Brandsen y Del Crucero,Empate,Oficial
1933-11-19,Campeonato 1933,34,River Plate,3-1,Boca Juniors,3,1,Estadio de Alvear y Tagle,River,Oficial
1934-06-17,Campeonato 1934,12,Boca Juniors,4-1,River Plate,1,4,Estadio de Brandsen y Del Crucero,Boca,Oficial
1934-09-16,Campeonato 1934,25,River Plate,0-1,Boca Juniors,0,1,Estadio de Alvear y Tagle,Boca,Oficial
1934-11-04,Campeonato 1934,32,Boca Juniors,2-0,River Plate,0,2,Estadio de Brandsen y Del Crucero,Boca,Oficial
1935-04-21,Campeonato 1935,05,Boca Juniors,1-0,River Plate,0,1,Estadio de Brandsen y Del Crucero,Boca,Oficial
1935-09-01,Campeonato 1935,22,River Plate,1-1,Boca Juniors,1,1,Estadio de Alvear y Tagle,Empate,Oficial
1936-01-11,Torneo Internacional Nocturno Rioplatense,,Boca Juniors,3-3,River Plate,3,3,El Gasómetro; (San Lorenzo),Empate,Amistoso
1936-04-19,Copa de Honor 1936,03,Boca Juniors,2-3,River Plate,3,2,Estadio de Brandsen y Del Crucero,River,Oficial
1936-08-30,Copa Campeonato 1936,03,River Plate,2-1,Boca Juniors,2,1,Estadio de Alvear y Tagle,River,Oficial
1937-08-08,Campeonato 1937,16,Boca Juniors,2-1,River Plate,1,2,El Gasómetro; (San Lorenzo),Boca,Oficial
1937-10-12,Amistoso,,Boca Juniors,3-2,River Plate,2,3,El Gasómetro; (San Lorenzo),Boca,Amistoso
1937-12-12,Campeonato 1937,33,River Plate,3-2,Boca Juniors,3,2,El Gasómetro; (San Lorenzo),River,Oficial
1938-02-12,Torneo Internacional Nocturno Rioplatense,,Boca Juniors,3-1,River Plate,1,3,El Gasómetro; (San Lorenzo),Boca,Amistoso
1938-04-10,Campeonato 1938,02,Boca Juniors,1-2,River Plate,2,1,Estadio de Brandsen y Del Crucero,River,Oficial
1938-09-04,Campeonato 1938,19,River Plate,2-2,Boca Juniors,2,2,Monumental,Empate,Oficial
1939-02-11,1.º Puesto Primera Ronda 1937,Desempate,Boca Juniors,3-5,River Plate,5,3,El Gasómetro; (San Lorenzo),River,Oficial
1939-06-11,Campeonato 1939,25,River Plate,0-2,Boca Juniors,0,2,El Monumental,Boca,Oficial
1939-11-05,Campeonato 1939,30,Boca Juniors,1-2,River Plate,2,1,El Gasómetro; (San Lorenzo),River,Oficial
1940-01-20,Torneo Triangular I,,Boca Juniors,3-2,River Plate,2,3,El Gasómetro; (San Lorenzo),Boca,Amistoso
1940-03-24,Torneo Triangular II,,Boca Juniors,1-2,River Plate,2,1,El Gasómetro; (San Lorenzo),River,Amistoso
1940-06-30,Campeonato 1940,12,Boca Juniors,3-1,River Plate,1,3,La Bombonera,Boca,Oficial
1940-11-17,Campeonato 1940,29,River Plate,1-1,Boca Juniors,1,1,El Monumental,Empate,Oficial
1941-02-06,Torneo Triangular I,,Boca Juniors,3-2,River Plate,2,3,El Gasómetro; (San Lorenzo),Boca,Amistoso
1941-02-12,Torneo Triangular II,,Boca Juniors,2-2,River Plate,2,2,Chacarita Juniors,Empate,Amistoso
1941-06-29,Campeonato 1941,14,Boca Juniors,2-1,River Plate,1,2,La Bombonera,Boca,Oficial
1941-10-19,Campeonato 1941,29,River Plate,5-1,Boca Juniors,5,1,El Monumental,River,Oficial
1942-01-17,Torneo Triangular I,,Boca Juniors,3-2,River Plate,2,3,El Gasómetro; (San Lorenzo),Boca,Amistoso
1942-01-28,Torneo Triangular II,,Boca Juniors,0-3,River Plate,3,0,El Gasómetro; (San Lorenzo),River,Amistoso
1942-02-07,Torneo Cuadrangular de Rosario,,Boca Juniors,3-0,River Plate,0,3,Newell's Old Boys,Boca,Amistoso
1942-07-19,Campeonato 1942,13,River Plate,4-0,Boca Juniors,4,0,El Monumental,River,Oficial
1942-11-08,Campeonato 1942,28,Boca Juniors,2-2,River Plate,2,2,La Bombonera,Empate,Oficial
1942-12-01,Copa Adrián Escobar 1942,Semifinal,River Plate,0-0,Boca Juniors,0,0,El Monumental,Empate,Oficial
1943-05-16,Campeonato 1943,05,River Plate,3-1,Boca Juniors,3,1,El Monumental,River,Oficial
1943-09-26,Campeonato 1943,20,Boca Juniors,2-1,River Plate,1,2,La Bombonera,Boca,Oficial
1944-05-14,Campeonato 1944,05,Boca Juniors,1-1,River Plate,1,1,La Bombonera,Empate,Oficial
1944-09-03,Campeonato 1944,20,River Plate,0-1,Boca Juniors,0,1,El Monumental,Boca,Oficial
1945-07-29,Campeonato 1945,13,River Plate,1-0,Boca Juniors,1,0,El Monumental,River,Oficial
1945-11-18,Campeonato 1945,28,Boca Juniors,4-1,River Plate,1,4,La Bombonera,Boca,Oficial
1946-04-07,Amistoso,,Boca Juniors,0-1,River Plate,1,0,El Gasómetro; (San Lorenzo),River,Amistoso
1946-06-30,Campeonato 1946,10,River Plate,2-0,Boca Juniors,2,0,El Monumental,River,Oficial
1946-08-15,Copa Competencia Británica 1946,Semifinal,Boca Juniors,2-0,River Plate,0,2,El Gasómetro; (San Lorenzo),Boca,Oficial
1946-10-27,Campeonato 1946,25,Boca Juniors,2-0,River Plate,0,2,La Bombonera,Boca,Oficial
1947-04-27,Campeonato 1947,03,Boca Juniors,2-0,River Plate,0,2,La Bombonera,Boca,Oficial
1947-08-24,Campeonato 1947,18,River Plate,2-1,Boca Juniors,2,1,El Monumental,River,Oficial
1948-08-01,Campeonato 1948,14,Boca Juniors,1-2,River Plate,2,1,La Bombonera,River,Oficial
1948-08-17,Amistoso,,Boca Juniors,1-5,River Plate,5,1,El Gasómetro; (San Lorenzo),River,Amistoso
1948-12-08,Campeonato 1948,29,River Plate,1-1,Boca Juniors,1,1,El Monumental,Empate,Oficial
1949-07-31,Campeonato 1949,13,River Plate,1-0,Boca Juniors,1,0,El Monumental,River,Oficial
1949-11-13,Campeonato 1949,30,Boca Juniors,2-0,River Plate,0,2,La Bombonera,Boca,Oficial
1950-06-11,Campeonato 1950,10,River Plate,1-0,Boca Juniors,1,0,El Monumental,River,Oficial
1950-10-12,Campeonato 1950,27,Boca Juniors,1-2,River Plate,2,1,La Bombonera,River,Oficial
1951-03-18,Amistoso,,Boca Juniors,4-5,River Plate,5,4,Estadio Tomás Adolfo Ducó; (Huracán),River,Amistoso
1951-07-15,Campeonato 1951,14,River Plate,1-0,Boca Juniors,1,0,El Monumental,River,Oficial
1951-11-01,Campeonato 1951,31,Boca Juniors,0-3,River Plate,3,0,La Bombonera,River,Oficial
1952-06-08,Campeonato 1952,09,Boca Juniors,2-1,River Plate,1,2,La Bombonera,Boca,Oficial
1952-11-08,Campeonato 1952,25,River Plate,3-1,Boca Juniors,3,1,El Monumental,River,Oficial
1953-07-19,Campeonato 1953,12,River Plate,2-3,Boca Juniors,2,3,El Monumental,Boca,Oficial
1953-11-01,Campeonato 1953,27,Boca Juniors,1-0,River Plate,0,1,La Bombonera,Boca,Oficial
1954-07-18,Campeonato 1954,13,Boca Juniors,0-1,River Plate,1,0,La Bombonera,River,Oficial
1954-10-31,Campeonato 1954,28,River Plate,3-0,Boca Juniors,3,0,El Monumental,River,Oficial
1955-08-17,Campeonato 1955,14,River Plate,0-4,Boca Juniors,0,4,Estadio Presidente Perón; (Racing Club),Boca,Oficial
1955-12-08,Campeonato 1955,29,Boca Juniors,1-2,River Plate,2,1,La Bombonera,River,Oficial
1955-12-29,Hexagonal Internacional,,Boca Juniors,5-2,River Plate,2,5,"Centenario; (Montevideo, Uruguay)",Boca,Amistoso
1956-04-22,Campeonato 1956,02,River Plate,2-1,Boca Juniors,2,1,El Monumental,River,Oficial
1956-09-09,Campeonato 1956,17,Boca Juniors,2-1,River Plate,1,2,La Bombonera,Boca,Oficial
1957-07-21,Campeonato 1957,10,Boca Juniors,2-2,River Plate,2,2,La Bombonera,Empate,Oficial
1957-11-24,Campeonato 1957,25,River Plate,5-3,Boca Juniors,5,3,El Monumental,River,Oficial
1958-09-28,Campeonato 1958,14,River Plate,2-2,Boca Juniors,2,2,El Monumental,Empate,Oficial
1958-12-20,Campeonato 1958,29,Boca Juniors,2-2,River Plate,2,2,Estadio Tomás Adolfo Ducó; (Huracán),Empate,Oficial
1958-12-30,Torneo Cuadrangular,,Boca Juniors,1-2,River Plate,2,1,Belgrano; (Córdoba),River,Amistoso
1959-05-19,Campeonato 1959,03,Boca Juniors,5-1,River Plate,1,5,La Bombonera,Boca,Oficial
1959-09-06,Campeonato 1959,18,River Plate,2-3,Boca Juniors,2,3,El Monumental,Boca,Oficial
1960-04-17,Campeonato 1960,03,River Plate,1-1,Boca Juniors,1,1,El Monumental,Empate,Oficial
1960-09-11,Campeonato 1960,18,Boca Juniors,3-1,River Plate,1,3,La Bombonera,Boca,Oficial
1961-01-10,Octogonal de Verano,,Boca Juniors,1-1,River Plate,1,1,El Monumental,Empate,Amistoso
1961-06-04,Amistoso,,Boca Juniors,2-2,River Plate,2,2,El Monumental,Empate,Amistoso
1961-08-06,Campeonato 1961,12,River Plate,2-2,Boca Juniors,2,2,El Monumental,Empate,Oficial
1961-11-12,Campeonato 1961,27,Boca Juniors,3-1,River Plate,1,3,La Bombonera,Boca,Oficial
1962-08-26,Campeonato 1962,14,River Plate,3-1,Boca Juniors,3,1,El Monumental,River,Oficial
1962-12-09,Campeonato 1962,29,Boca Juniors,1-0,River Plate,0,1,La Bombonera,Boca,Oficial
1963-07-28,Campeonato 1963,12,Boca Juniors,2-0,River Plate,0,2,La Bombonera,Boca,Oficial
1963-11-17,Campeonato 1963,25,River Plate,0-1,Boca Juniors,0,1,El Monumental,Boca,Oficial
1964-04-19,Copa Jorge Newbery,,Boca Juniors,4-0,River Plate,0,4,El Monumental,Boca,Amistoso
1964-04-22,Amistoso,,Boca Juniors,0-0,River Plate,0,0,Talleres; (Córdoba),Empate,Amistoso
1964-07-16,Copa Iberoamericana,,Boca Juniors,1-3,River Plate,3,1,El Monumental,River,Amistoso
1964-08-16,Campeonato 1964,14,River Plate,0-0,Boca Juniors,0,0,El Monumental,Empate,Oficial
1964-11-29,Campeonato 1964,29,Boca Juniors,1-1,River Plate,1,1,La Bombonera,Empate,Oficial
1965-07-04,Campeonato 1965,15,River Plate,1-2,Boca Juniors,1,2,El Monumental,Boca,Oficial
1965-12-08,Campeonato 1965,32,Boca Juniors,2-1,River Plate,1,2,La Bombonera,Boca,Oficial
1966-02-10,Copa Libertadores de América,Primera Fase (R. 1),River Plate,2-1,Boca Juniors,2,1,El Monumental,River,Oficial
1966-03-24,Copa Libertadores de América,Primera Fase (R. 10),Boca Juniors,2-0,River Plate,0,2,La Bombonera,Boca,Oficial
1966-04-03,Campeonato 1966,05,Boca Juniors,1-3,River Plate,3,1,La Bombonera,River,Oficial
1966-04-14,Copa Libertadores de América,Segunda Fase (R. 2),River Plate,2-2,Boca Juniors,2,2,El Monumental,Empate,Oficial
1966-05-04,Copa Libertadores de América,Segunda Fase (R. 6),Boca Juniors,1-0,River Plate,0,1,La Bombonera,Boca,Oficial
1966-08-19,Campeonato 1966,24,River Plate,2-0,Boca Juniors,2,0,El Monumental,River,Oficial
1967-04-23,Metropolitano 1967,08,Boca Juniors,0-0,River Plate,0,0,La Bombonera,Empate,Oficial
1967-07-08,Metropolitano 1967,19,River Plate,1-0,Boca Juniors,1,0,El Monumental,River,Oficial
1967-11-26,Nacional 1967,12,River Plate,0-1,Boca Juniors,0,1,El Monumental,Boca,Oficial
1968-04-07,Metropolitano 1968,06,Boca Juniors,1-1,River Plate,1,1,La Bombonera,Empate,Oficial
1968-06-23,Metropolitano 1968,17,River Plate,0-0,Boca Juniors,0,0,El Monumental,Empate,Oficial
1968-08-22,Copa Ciudad de Buenos Aires,,Boca Juniors,0-0,River Plate,0,0,La Bombonera,Empate,Amistoso
1968-10-27,Nacional 1968,08,Boca Juniors,3-1,River Plate,1,3,La Bombonera,Boca,Oficial
1969-03-02,Metropolitano 1969,02,Boca Juniors,1-1,River Plate,1,1,La Bombonera,Empate,Oficial
1969-05-04,Metropolitano 1969,13,River Plate,2-0,Boca Juniors,2,0,El Monumental,River,Oficial
1969-07-03,Metropolitano 1969,Semifinal,Boca Juniors,0-0,River Plate,0,0,Estadio Presidente Perón; (Racing Club),Empate,Oficial
1969-12-14,Nacional 1969,17,River Plate,2-2,Boca Juniors,2,2,El Monumental,Empate,Oficial
1970-02-17,Copa Libertadores de América,Primera Fase (R. 1),River Plate,1-3,Boca Juniors,1,3,El Monumental,Boca,Oficial
1970-03-19,Copa Libertadores de América,Primera Fase (R. 6),Boca Juniors,2-1,River Plate,1,2,La Bombonera,Boca,Oficial
1970-04-16,Copa Libertadores de América,Segunda Fase (R. 2),River Plate,1-0,Boca Juniors,1,0,El Monumental,River,Oficial
1970-04-30,Copa Libertadores de América,Segunda Fase (R. 4),Boca Juniors,1-1,River Plate,1,1,La Bombonera,Empate,Oficial
1970-06-14,Metropolitano 1970,15,Boca Juniors,1-0,River Plate,0,1,La Bombonera,Boca,Oficial
1970-08-01,Copa Ciudad de Rosario,,Boca Juniors,2-2,River Plate,2,2,Newell's Old Boys,Empate,Amistoso
1970-09-27,Nacional 1970,04,River Plate,2-1,Boca Juniors,2,1,El Monumental,River,Oficial
1970-11-14,Nacional 1970,14,Boca Juniors,0-0,River Plate,0,0,La Bombonera,Empate,Oficial
1971-03-10,Metropolitano 1971,02,Boca Juniors,1-2,River Plate,2,1,Estadio Presidente Perón; (Racing Club),River,Oficial
1971-06-10,Metropolitano 1971,21,River Plate,3-3,Boca Juniors,3,3,Estadio Presidente Perón; (Racing Club),Empate,Oficial
1971-11-27,Nacional 1971,11,Boca Juniors,1-3,River Plate,3,1,Estadio Presidente Perón; (Racing Club),River,Oficial
1972-03-12,Metropolitano 1972,03,River Plate,0-4,Boca Juniors,0,4,El Monumental,Boca,Oficial
1972-06-18,Metropolitano 1972,20,Boca Juniors,2-2,River Plate,2,2,La Bombonera,Empate,Oficial
1972-10-15,Nacional 1972,01,Boca Juniors,4-5,River Plate,5,4,Estadio José Amalfitani; (Vélez Sarsfield),River,Oficial
1972-12-13,Nacional 1972,10,River Plate,3-2,Boca Juniors,3,2,Estadio José Amalfitani; (Vélez Sarsfield),River,Oficial
1973-03-04,Metropolitano 1973,01,River Plate,2-1,Boca Juniors,2,1,El Monumental,River,Oficial
1973-06-27,Metropolitano 1973,18,Boca Juniors,5-2,River Plate,2,5,La Bombonera,Boca,Oficial
1973-11-11,Nacional 1973,09,River Plate,1-0,Boca Juniors,1,0,Estadio José Amalfitani; (Vélez Sarsfield),River,Oficial
1974-01-23,Copa de Oro de MDP,,Boca Juniors,0-0,River Plate,0,0,General San Martín; (Mar del Plata),Empate,Amistoso
1974-02-21,Metropolitano 1974,01,Boca Juniors,5-2,River Plate,2,5,La Bombonera,Boca,Oficial
1974-03-31,Metropolitano 1974,10,River Plate,3-1,Boca Juniors,3,1,El Monumental,River,Oficial
1974-04-16,Torneo Jardín de la República,,Boca Juniors,1-2,River Plate,2,1,Atlético Tucumán,River,Amistoso
1974-06-04,Torneo Madre de las Ciudades,,Boca Juniors,2-0,River Plate,0,2,Central Córdoba; (Santiago del Estero),Boca,Amistoso
1974-06-15,Copa Tacita de Plata,,Boca Juniors,0-2,River Plate,2,0,Gimnasia y Esgrima; (Jujuy),River,Amistoso
1974-06-20,Copa Ciudad de Santa Fe,,Boca Juniors,0-1,River Plate,1,0,Colón de Santa Fe,River,Amistoso
1974-06-23,Trofeo Liga del Sur,,Boca Juniors,0-0,River Plate,0,0,Olimpo; (Bahía Blanca),Empate,Amistoso
1974-06-30,Amistoso,,Boca Juniors,0-1,River Plate,1,0,Cipolletti; (Río Negro),River,Amistoso
1974-08-30,Nacional 1974,06,Boca Juniors,1-0,River Plate,0,1,La Bombonera,Boca,Oficial
1974-11-03,Nacional 1974,15,River Plate,1-1,Boca Juniors,1,1,El Monumental,Empate,Oficial
1975-02-10,Copa de Oro de MDP,,Boca Juniors,2-2,River Plate,2,2,General San Martín; (Mar del Plata),Empate,Amistoso
1975-04-17,Metropolitano 1975,15,Boca Juniors,1-2,River Plate,2,1,La Bombonera,River,Oficial
1975-07-27,Metropolitano 1975,34,River Plate,0-1,Boca Juniors,0,1,El Monumental,Boca,Oficial
1975-09-21,Nacional 1975,01,Boca Juniors,1-2,River Plate,2,1,La Bombonera,River,Oficial
1975-10-26,Nacional 1975,09,River Plate,1-2,Boca Juniors,1,2,El Monumental,Boca,Oficial
1976-02-18,Metropolitano 1976,02,River Plate,0-0,Boca Juniors,0,0,El Monumental,Empate,Oficial
1976-04-18,Metropolitano 1976,13,Boca Juniors,0-1,River Plate,1,0,La Bombonera,River,Oficial
1976-07-25,Metropolitano 1976,08,Boca Juniors,1-1,River Plate,1,1,Estadio Tomás Adolfo Ducó; (Huracán),Empate,Oficial
1976-09-26,Nacional 1976,03,Boca Juniors,1-1,River Plate,1,1,La Bombonera,Empate,Oficial
1976-11-14,Nacional 1976,11,River Plate,0-2,Boca Juniors,0,2,El Monumental,Boca,Oficial
1976-12-22,Nacional 1976,Final,Boca Juniors,1-0,River Plate,0,1,Estadio Presidente Perón; (Racing Club),Boca,Oficial
1977-02-12,Copa de Oro de MDP,,Boca Juniors,0-0,River Plate,0,0,General San Martín; (Mar del Plata),Empate,Amistoso
1977-03-09,Copa Libertadores de América,Primera Fase (R. 1),Boca Juniors,1-0,River Plate,0,1,La Bombonera,Boca,Oficial
1977-05-18,Copa Libertadores de América,Primera Fase (R. 6),River Plate,0-0,Boca Juniors,0,0,Estadio Tomás Adolfo Ducó; (Huracán),Empate,Oficial
1977-08-14,Metropolitano 1977,22,River Plate,1-1,Boca Juniors,1,1,Estadio Tomás Adolfo Ducó; (Huracán),Empate,Oficial
1977-11-09,Metropolitano 1977,45,Boca Juniors,1-2,River Plate,2,1,La Bombonera,River,Oficial
1978-02-25,Copa de Oro de MDP,,Boca Juniors,1-1,River Plate,1,1,General San Martín; (Mar del Plata),Empate,Amistoso
1978-02-27,Copa Ciudad de Montevideo,,Boca Juniors,0-2,River Plate,2,0,"Centenario (Montevideo, Uruguay)",River,Amistoso
1978-07-12,Metropolitano 1978,17,Boca Juniors,1-0,River Plate,0,1,La Bombonera,Boca,Oficial
1978-09-19,Copa Libertadores de América,Segunda Fase (R. 1),Boca Juniors,0-0,River Plate,0,0,La Bombonera,Empate,Oficial
1978-10-15,Metropolitano 1978,38,River Plate,1-0,Boca Juniors,1,0,El Monumental,River,Oficial
1978-10-17,Copa Libertadores de América,Segunda Fase (R. 4),River Plate,0-2,Boca Juniors,0,2,El Monumental,Boca,Oficial
1979-02-21,Torneo de Mar del Plata,,Boca Juniors,0-1,River Plate,1,0,José María Minella; (Mar del Plata),River,Amistoso
1979-03-21,Copa de los Grandes,,Boca Juniors,3-1,River Plate,1,3,Mario A. Kempes; (Córdoba),Boca,Amistoso
1979-06-03,Copa Torneo de Campeones,,Boca Juniors,0-1,River Plate,1,0,El Monumental,River,Amistoso
1979-09-23,Nacional 1979,04,River Plate,1-1,Boca Juniors,1,1,El Monumental,Empate,Oficial
1979-11-11,Nacional 1979,11,Boca Juniors,1-1,River Plate,1,1,La Bombonera,Empate,Oficial
1980-02-06,Copa de Oro de MDP,,Boca Juniors,1-1,River Plate,1,1,José María Minella; (Mar del Plata),Empate,Amistoso
1980-03-02,Metropolitano 1980,04,Boca Juniors,2-5,River Plate,5,2,La Bombonera,River,Oficial
1980-06-15,Metropolitano 1980,23,River Plate,2-1,Boca Juniors,2,1,El Monumental,River,Oficial
1980-07-16,Amistoso,,Boca Juniors,1-1,River Plate,1,1,Malvinas Argentinas (Mendoza),Empate,Amistoso
1980-09-28,Nacional 1980,03,River Plate,2-2,Boca Juniors,2,2,El Monumental,Empate,Oficial
1980-11-06,Nacional 1980,10,Boca Juniors,1-0,River Plate,0,1,La Bombonera,Boca,Oficial
1981-04-10,Metropolitano 1981,10,Boca Juniors,3-0,River Plate,0,3,La Bombonera,Boca,Oficial
1981-07-05,Metropolitano 1981,27,River Plate,1-1,Boca Juniors,1,1,El Monumental,Empate,Oficial
1981-09-27,Nacional 1981,03,Boca Juniors,2-3,River Plate,3,2,La Bombonera,River,Oficial
1981-11-01,Nacional 1981,10,River Plate,2-2,Boca Juniors,2,2,El Monumental,Empate,Oficial
1982-02-06,Copa de Oro de MDP,,Boca Juniors,0-1,River Plate,1,0,José María Minella; (Mar del Plata),River,Amistoso
1982-03-07,Nacional 1982,05,River Plate,1-5,Boca Juniors,1,5,El Monumental,Boca,Oficial
1982-04-25,Nacional 1982,13,Boca Juniors,0-0,River Plate,0,0,La Bombonera,Empate,Oficial
1982-08-05,Copa Libertadores de América,Primera Fase (R. 2),Boca Juniors,0-0,River Plate,0,0,La Bombonera,Empate,Oficial
1982-09-19,Metropolitano 1982,12,River Plate,1-1,Boca Juniors,1,1,El Monumental,Empate,Oficial
1982-09-30,Copa Libertadores de América,Primera Fase (R. 6),River Plate,1-0,Boca Juniors,1,0,El Monumental,River,Oficial
1982-12-02,Metropolitano 1982,31,Boca Juniors,0-2,River Plate,2,0,La Bombonera,River,Oficial
1983-02-26,Copa de Oro de MDP,,Boca Juniors,2-1,River Plate,1,2,José María Minella; (Mar del Plata),Boca,Amistoso
1983-10-05,Metropolitano 1983,05,River Plate,1-2,Boca Juniors,1,2,El Monumental,Boca,Oficial
1983-10-19,Metropolitano 1983,24,Boca Juniors,1-0,River Plate,0,1,Estadio José Amalfitani; (Vélez Sarsfield),Boca,Oficial
1984-02-01,Copa Ciudad de Montevideo,,Boca Juniors,2-0,River Plate,0,2,"Centenario; (Montevideo, Uruguay)",Boca,Amistoso
1984-02-16,Copa de Oro de MDP,,Boca Juniors,3-0,River Plate,0,3,José María Minella; (Mar del Plata),Boca,Amistoso
1984-06-24,Metropolitano 1984,13,Boca Juniors,1-1,River Plate,1,1,El Monumental,Empate,Oficial
1984-11-11,Metropolitano 1984,32,River Plate,4-1,Boca Juniors,4,1,El Monumental,River,Oficial
1985-02-26,Copa de Oro de MDP,,Boca Juniors,2-3,River Plate,3,2,José María Minella; (Mar del Plata),River,Amistoso
1985-10-27,Campeonato 1985-1986,17,River Plate,1-0,Boca Juniors,1,0,El Monumental,River,Oficial
1985-12-20,Copa Diario La Capital,,Boca Juniors,1-1,River Plate,1,1,Rosario Central,Empate,Amistoso
1986-01-11,Copa de Oro de MDP 1.ª edición,,Boca Juniors,1-1,River Plate,1,1,José María Minella; (Mar del Plata),Empate,Amistoso
1986-02-11,Copa de Oro de MDP 2.ª edición,,Boca Juniors,0-1,River Plate,1,0,José María Minella; (Mar del Plata),River,Amistoso
1986-03-27,Copa Cuadrangular de Grandes,,Boca Juniors,1-1,River Plate,1,1,Mario A. Kempes; (Córdoba),Empate,Amistoso
1986-04-06,Campeonato 1985-1986,36,Boca Juniors,0-2,River Plate,2,0,La Bombonera,River,Oficial
1986-07-09,Copa Libertadores de América,Primera Fase (R. 1),Boca Juniors,1-1,River Plate,1,1,La Bombonera,Empate,Oficial
1986-08-20,Copa Libertadores de América,Primera Fase (R. 6),River Plate,1-0,Boca Juniors,1,0,El Monumental,River,Oficial
1986-11-02,Campeonato 1986-1987,17,Boca Juniors,1-0,River Plate,0,1,La Bombonera,Boca,Oficial
1987-01-28,Copa de Oro de MDP,,Boca Juniors,3-3,River Plate,3,3,José María Minella; (Mar del Plata),Empate,Amistoso
1987-02-11,Copa Municipalidad Gral. Pueyrredón,,Boca Juniors,1-3,River Plate,3,1,José María Minella; (Mar del Plata),River,Amistoso
1987-02-26,Copa Ciudad de Mar del Plata,,Boca Juniors,2-2,River Plate,2,2,José María Minella; (Mar del Plata),Empate,Amistoso
1987-04-13,Campeonato 1986-1987,36,River Plate,1-1,Boca Juniors,1,1,El Monumental,Empate,Oficial
1987-11-22,Campeonato 1987-1988,15,River Plate,3-2,Boca Juniors,3,2,El Monumental,River,Oficial
1988-01-27,Copa de Oro de MDP,,Boca Juniors,1-0,River Plate,0,1,José María Minella; (Mar del Plata),Boca,Amistoso
1988-02-23,Copa Ciudad de Mar del Plata,,Boca Juniors,2-1,River Plate,1,2,José María Minella; (Mar del Plata),Boca,Amistoso
1988-04-30,Campeonato 1987-1988,34,Boca Juniors,2-2,River Plate,2,2,La Bombonera,Empate,Oficial
1988-09-18,Campeonato 1988-1989,02,River Plate,0-2,Boca Juniors,0,2,El Monumental,Boca,Oficial
1989-02-05,Campeonato 1988-1989,21,Boca Juniors,0-0,River Plate,0,0,La Bombonera,Empate,Oficial
1989-07-19,Liguilla Pre Libertadores 1988-1989,6.º Fase,River Plate,0-0,Boca Juniors,0,0,El Monumental,Empate,Oficial
1989-07-24,Liguilla Pre Libertadores 1988-1989,6.º Fase,Boca Juniors,0-0,River Plate,0,0,La Bombonera,Empate,Oficial
1989-07-27,Liguilla Pre Libertadores 1988-1989,6.ª Fase,Boca Juniors,1-2,River Plate,2,1,Estadio José Amalfitani; (Vélez Sarsfield),River,Oficial
1989-09-06,Campeonato 1989-1990,02,Boca Juniors,1-0,River Plate,0,1,La Bombonera,Boca,Oficial
1990-01-20,Copa de Oro de MDP,,Boca Juniors,0-0,River Plate,0,0,José María Minella; (Mar del Plata),Empate,Amistoso
1990-02-02,Campeonato 1989-1990,21,River Plate,1-1,Boca Juniors,1,1,El Monumental,Empate,Oficial
1990-02-19,Copa Ciudad de Mar del Plata,,Boca Juniors,0-1,River Plate,1,0,José María Minella; (Mar del Plata),River,Amistoso
1990-09-23,Campeonato 1990-1991 (Apertura),06,River Plate,2-0,Boca Juniors,2,0,El Monumental,River,Oficial
1991-01-26,Copa de Oro de MDP,,Boca Juniors,2-1,River Plate,1,2,José María Minella; (Mar del Plata),Boca,Amistoso
1991-02-16,Copa Ciudad de Mar del Plata,,Boca Juniors,2-0,River Plate,0,2,José María Minella; (Mar del Plata),Boca,Amistoso
1991-02-27,Copa Libertadores de América,Primera Fase (R. 1),Boca Juniors,4-3,River Plate,3,4,La Bombonera,Boca,Oficial
1991-03-20,Copa Libertadores de América,Primera Fase (R. 4),River Plate,0-2,Boca Juniors,0,2,El Monumental,Boca,Oficial
1991-03-31,Campeonato 1990-1991 (Clausura),06,Boca Juniors,1-0,River Plate,0,1,La Bombonera,Boca,Oficial
1991-11-10,Torneo Apertura 1991,11,Boca Juniors,0-0,River Plate,0,0,La Bombonera,Empate,Oficial
1992-01-22,Copa de Oro de MDP,,Boca Juniors,2-1,River Plate,1,2,José María Minella; (Mar del Plata),Boca,Amistoso
1992-02-17,Copa Ciudad de Mar del Plata / Copa Revancha,,Boca Juniors,1-0,River Plate,0,1,José María Minella; (Mar del Plata),Boca,Amistoso
1992-05-03,Torneo Clausura 1992,11,River Plate,2-2,Boca Juniors,2,2,El Monumental,Empate,Oficial
1992-10-11,Torneo Apertura 1992,10,Boca Juniors,1-0,River Plate,0,1,La Bombonera,Boca,Oficial
1993-01-23,Copa de Oro de MDP,,Boca Juniors,2-2,River Plate,2,2,José María Minella; (Mar del Plata),Empate,Amistoso
1993-01-27,Copa Desafío,,Boca Juniors,1-0,River Plate,0,1,José María Minella; (Mar del Plata),Boca,Amistoso
1993-02-10,Copa Ciudad de Mar del Plata,,Boca Juniors,1-1,River Plate,1,1,José María Minella; (Mar del Plata),Empate,Amistoso
1993-02-13,Copa Revancha,,Boca Juniors,1-2,River Plate,2,1,José María Minella; (Mar del Plata),River,Amistoso
1993-04-11,Torneo Clausura 1993,10,River Plate,0-2,Boca Juniors,0,2,El Monumental,Boca,Oficial
1993-07-03,Copa Centenario,Primera fase,Boca Juniors,0-0,River Plate,0,0,La Bombonera,Empate,Oficial
1993-07-11,Copa Centenario,Primera fase,River Plate,1-0,Boca Juniors,1,0,Estadio José Amalfitani; (Vélez Sarsfield),River,Oficial
1993-10-17,Torneo Apertura 1993,06,River Plate,0-1,Boca Juniors,0,1,El Monumental,Boca,Oficial
1994-01-26,Copa Desafío,,Boca Juniors,2-1,River Plate,1,2,Malvinas Argentinas; (Mendoza),Boca,Amistoso
1994-02-19,Copa de Oro de Mendoza,,Boca Juniors,1-0,River Plate,0,1,Malvinas Argentinas; (Mendoza),Boca,Amistoso
1994-02-23,Copa Revancha,,Boca Juniors,3-1,River Plate,1,3,Malvinas Argentinas; (Mendoza),Boca,Amistoso
1994-04-30,Torneo Clausura 1994,06,Boca Juniors,0-2,River Plate,2,0,La Bombonera,River,Oficial
1994-10-05,Supercopa Sudamericana,Cuartos de final,River Plate,0-0,Boca Juniors,0,0,El Monumental,Empate,Oficial
1994-10-12,Supercopa Sudamericana,Cuartos de final,Boca Juniors,1-1,River Plate,1,1,La Bombonera,Empate,Oficial
1994-12-11,Torneo Apertura 1994,18,Boca Juniors,0-3,River Plate,3,0,La Bombonera,River,Oficial
1995-01-28,Copa Desafío,,Boca Juniors,0-2,River Plate,2,0,Malvinas Argentinas; (Mendoza),River,Amistoso
1995-02-15,Copa Revancha,,Boca Juniors,0-0,River Plate,0,0,José María Minella; (Mar del Plata),Empate,Amistoso
1995-06-18,Torneo Clausura 1995,18,River Plate,2-4,Boca Juniors,2,4,El Monumental,Boca,Oficial
1995-07-03,Copa Brahma,,Boca Juniors,2-1,River Plate,1,2,Malvinas Argentinas; (Mendoza),Boca,Amistoso
1995-11-26,Torneo Apertura 1995,16,River Plate,0-0,Boca Juniors,0,0,El Monumental,Empate,Oficial
1996-01-27,Copa Desafío,,Boca Juniors,0-1,River Plate,1,0,Malvinas Argentinas; (Mendoza),River,Amistoso
1996-02-15,Copa Revancha,,Boca Juniors,0-1,River Plate,1,0,José María Minella; (Mar del Plata),River,Amistoso
1996-07-14,Torneo Clausura 1996,16,Boca Juniors,4-1,River Plate,1,4,La Bombonera,Boca,Oficial
1996-09-29,Torneo Apertura 1996,06,Boca Juniors,3-2,River Plate,2,3,La Bombonera,Boca,Oficial
1997-01-30,Copa Desafío,,Boca Juniors,4-1,River Plate,1,4,Malvinas Argentinas; (Mendoza),Boca,Amistoso
1997-02-16,Copa Revancha,,Boca Juniors,1-1,River Plate,1,1,José María Minella; (Mar del Plata),Empate,Amistoso
1997-03-23,Torneo Clausura 1997,06,River Plate,3-3,Boca Juniors,3,3,El Monumental,Empate,Oficial
1997-10-25,Torneo Apertura 1997,10,River Plate,1-2,Boca Juniors,1,2,El Monumental,Boca,Oficial
1998-01-24,Copa Desafío,,Boca Juniors,0-0,River Plate,0,0,José María Minella; (Mar del Plata),Empate,Amistoso
1998-02-10,Copa Revancha,,Boca Juniors,0-0,River Plate,0,0,Malvinas Argentinas; (Mendoza),Empate,Amistoso
1998-04-11,Torneo Clausura 1998,10,Boca Juniors,3-2,River Plate,2,3,La Bombonera,Boca,Oficial
1998-10-25,Torneo Apertura 1998,12,River Plate,0-0,Boca Juniors,0,0,El Monumental,Empate,Oficial
1999-01-27,Copa Desafío,,Boca Juniors,2-1,River Plate,1,2,José María Minella; (Mar del Plata),Boca,Amistoso
1999-03-10,Copa Revancha,,Boca Juniors,3-0,River Plate,0,3,Malvinas Argentinas; (Mendoza),Boca,Amistoso
1999-05-09,Torneo Clausura 1999,12,Boca Juniors,2-1,River Plate,1,2,La Bombonera,Boca,Oficial
1999-10-17,Torneo Apertura 1999,11,River Plate,2-0,Boca Juniors,2,0,El Monumental,River,Oficial
2000-01-14,Copa Ciudad de Córdoba,,Boca Juniors,0-3,River Plate,3,0,Mario A. Kempes; (Córdoba),River,Amistoso
2000-01-29,Copa de Oro de MDP,,Boca Juniors,2-0,River Plate,0,2,José María Minella; (Mar del Plata),Boca,Amistoso
2000-02-09,Copa Ciudad de Mar del Plata,,Boca Juniors,2-1,River Plate,1,2,José María Minella; (Mar del Plata),Boca,Amistoso
2000-05-14,Torneo Clausura 2000,11,Boca Juniors,1-1,River Plate,1,1,La Bombonera,Empate,Oficial
2000-05-17,Copa Libertadores de América,Cuartos de final (Ida),River Plate,2-1,Boca Juniors,2,1,El Monumental,River,Oficial
2000-05-24,Copa Libertadores de América,Cuartos de final (Vuelta),Boca Juniors,3-0,River Plate,0,3,La Bombonera,Boca,Oficial
2000-10-15,Torneo Apertura 2000,10,River Plate,1-1,Boca Juniors,1,1,El Monumental,Empate,Oficial
2001-01-21,Pentagonal de Verano,,Boca Juniors,1-0,River Plate,0,1,José María Minella; (Mar del Plata),Boca,Amistoso
2001-01-25,Copa Ciudad de Córdoba,,Boca Juniors,2-1,River Plate,1,2,Mario A. Kempes; (Córdoba),Boca,Amistoso
2001-02-06,Copa Revancha,,Boca Juniors,1-0,River Plate,0,1,Malvinas Argentinas; (Mendoza),Boca,Amistoso
2001-04-08,Torneo Clausura 2001,10,Boca Juniors,3-0,River Plate,0,3,La Bombonera,Boca,Oficial
2001-09-16,Torneo Apertura 2001,06,River Plate,1-1,Boca Juniors,1,1,El Monumental,Empate,Oficial
2002-01-23,Copa Desafío,,Boca Juniors,1-1,River Plate,1,1,Malvinas Argentinas; (Mendoza),Empate,Amistoso
2002-01-26,Copa Ciudad de Mar del Plata / Copa Revancha,,Boca Juniors,4-0,River Plate,0,4,José María Minella; (Mar del Plata),Boca,Amistoso
2002-01-30,Copa Ciudad de Córdoba,,Boca Juniors,0-1,River Plate,1,0,Mario A. Kempes; (Córdoba),River,Amistoso
2002-03-10,Torneo Clausura 2002,06,Boca Juniors,0-3,River Plate,3,0,La Bombonera,River,Oficial
2002-06-15,Amistoso,,Boca Juniors,1-2,River Plate,2,1,"Orange Bowl; (Miami, EE. UU.)",River,Amistoso
2002-10-27,Torneo Apertura 2002,14,River Plate,1-2,Boca Juniors,1,2,El Monumental,Boca,Oficial
2003-01-19,Pentagonal de Verano,,Boca Juniors,1-0,River Plate,0,1,Malvinas Argentinas; (Mendoza),Boca,Amistoso
2003-01-25,Copa Desafío,,Boca Juniors,0-0,River Plate,0,0,José María Minella; (Mar del Plata),Empate,Amistoso
2003-02-07,Copa Revancha,,Boca Juniors,3-3,River Plate,3,3,Malvinas Argentinas; (Mendoza),Empate,Amistoso
2003-06-01,Torneo Clausura 2003,14,Boca Juniors,2-2,River Plate,2,2,La Bombonera,Empate,Oficial
2003-11-09,Torneo Apertura 2003,14,River Plate,0-2,Boca Juniors,0,2,Monumental,Boca,Oficial
2004-01-24,Pentagonal de Verano,,Boca Juniors,0-1,River Plate,1,0,José María Minella; (Mar del Plata),River,Amistoso
2004-02-04,Copa Revancha,,Boca Juniors,1-3,River Plate,3,1,Malvinas Argentinas; (Mendoza),River,Amistoso
2004-05-16,Torneo Clausura 2004,14,Boca Juniors,0-1,River Plate,1,0,La Bombonera,River,Oficial
2004-06-10,Copa Libertadores de América,Semifinal (Ida),Boca Juniors,1-0,River Plate,0,1,La Bombonera,Boca,Oficial
2004-06-17,Copa Libertadores de América,Semifinal (Vuelta),River Plate,2-1,Boca Juniors,2,1,El Monumental,River,Oficial
2004-11-07,Torneo Apertura 2004,14,River Plate,2-0,Boca Juniors,2,0,Monumental,River,Oficial
2005-01-22,Pentagonal de Verano,,Boca Juniors,0-0,River Plate,0,0,José María Minella; (Mar del Plata),Empate,Amistoso
2005-01-30,Copa Revancha,,Boca Juniors,2-0,River Plate,0,2,Malvinas Argentinas; (Mendoza),Boca,Amistoso
2005-05-22,Torneo Clausura 2005,14,Boca Juniors,2-1,River Plate,1,2,La Bombonera,Boca,Oficial
2005-10-16,Torneo Apertura 2005,11,River Plate,0-0,Boca Juniors,0,0,Monumental,Empate,Oficial
2006-01-14,Pentagonal de Verano,,Boca Juniors,3-2,River Plate,2,3,José María Minella; (Mar del Plata),Boca,Amistoso
2006-01-17,Copa Desafío,,Boca Juniors,0-3,River Plate,3,0,Padre Ernesto Martearena (Salta),River,Amistoso
2006-03-26,Torneo Clausura 2006,11,Boca Juniors,1-1,River Plate,1,1,La Bombonera,Empate,Oficial
2006-10-08,Torneo Apertura 2006,10,River Plate,3-1,Boca Juniors,3,1,Monumental,River,Oficial
2007-01-20,Pentagonal de Verano,,Boca Juniors,0-2,River Plate,2,0,José María Minella; (Mar del Plata),River,Amistoso
2007-02-01,Copa Revancha,,Boca Juniors,1-1,River Plate,1,1,Malvinas Argentinas; (Mendoza),Empate,Amistoso
2007-04-15,Torneo Clausura 2007,10,Boca Juniors,1-1,River Plate,1,1,La Bombonera,Empate,Oficial
2007-10-07,Torneo Apertura 2007,13,River Plate,2-0,Boca Juniors,2,0,Monumental,River,Oficial
2008-01-26,Pentagonal de Verano,,Boca Juniors,2-0,River Plate,0,2,José María Minella; (Mar del Plata),Boca,Amistoso
2008-02-02,Copa Revancha,,Boca Juniors,2-3,River Plate,3,2,Malvinas Argentinas; (Mendoza),River,Amistoso
2008-05-04,Torneo Clausura 2008,13,Boca Juniors,1-0,River Plate,0,1,La Bombonera,Boca,Oficial
2008-10-19,Torneo Apertura 2008,10,River Plate,0-1,Boca Juniors,0,1,Monumental,Boca,Oficial
2009-01-24,Pentagonal de Verano,,Boca Juniors,2-1,River Plate,1,2,José María Minella; (Mar del Plata),Boca,Amistoso
2009-02-01,Copa Revancha,,Boca Juniors,2-0,River Plate,0,2,Malvinas Argentinas; (Mendoza),Boca,Amistoso
2009-04-19,Torneo Clausura 2009,10,Boca Juniors,1-1,River Plate,1,1,La Bombonera,Empate,Oficial
2009-10-25,Torneo Apertura 2009,10,River Plate,1-1,Boca Juniors,1,1,Monumental,Empate,Oficial
2010-01-20,Copa Desafío,,Boca Juniors,1-3,River Plate,3,1,José María Minella; (Mar del Plata),River,Amistoso
2010-01-24,Copa Revancha,,Boca Juniors,1-1,River Plate,1,1,Malvinas Argentinas; (Mendoza),Empate,Amistoso
2010-03-25,Torneo Clausura 2010,10,Boca Juniors,2-0,River Plate,0,2,La Bombonera,Boca,Oficial
2010-11-16,Torneo Apertura 2010,14,River Plate,1-0,Boca Juniors,1,0,Monumental,River,Oficial
2011-01-22,Copa Luis B. Nofal (Ida),,Boca Juniors,2-0,River Plate,0,2,José María Minella; (Mar del Plata),Boca,Amistoso
2011-02-02,Copa Luis B. Nofal (Revancha),,Boca Juniors,1-1,River Plate,1,1,Malvinas Argentinas; (Mendoza),Empate,Amistoso
2011-05-15,Torneo Clausura 2011,14,Boca Juniors,2-0,River Plate,0,2,La Bombonera,Boca,Oficial
2012-01-25,Copa Luis B. Nofal (Ida),,Boca Juniors,2-0,River Plate,0,2,"Centenario (Resistencia, Chaco)",Boca,Amistoso
2012-01-29,Copa Luis B. Nofal (Revancha),,Boca Juniors,1-0,River Plate,0,1,Malvinas Argentinas; (Mendoza),Boca,Amistoso
2012-10-28,Torneo Inicial 2012,12,River Plate,2-2,Boca Juniors,2,2,Monumental,Empate,Oficial
2013-01-19,Copa Centenario Liga Marplatense de Fútbol,,Boca Juniors,0-2,River Plate,2,0,José María Minella; (Mar del Plata),River,Amistoso
2013-01-29,Copa Luis B. Nofal,,Boca Juniors,0-0,River Plate,0,0,Malvinas Argentinas; (Mendoza),Empate,Amistoso
2013-02-02,Copa BBVA Banco Francés (1.ª edición),,Boca Juniors,1-2,River Plate,2,1,Mario A. Kempes; (Córdoba),River,Amistoso
2013-05-05,Torneo Final 2013,12,Boca Juniors,1-1,River Plate,1,1,La Bombonera,Empate,Oficial
2013-10-06,Torneo Inicial 2013,10,River Plate,0-1,Boca Juniors,0,1,El Monumental,Boca,Oficial
2014-01-18,Copa de Oro de MDP,,Boca Juniors,1-1,River Plate,1,1,José María Minella; (Mar del Plata),Empate,Amistoso
2014-01-25,Copa BBVA Banco Francés (2.ª edición),,Boca Juniors,0-2,River Plate,2,0,Mario A. Kempes; (Córdoba),River,Amistoso
2014-02-01,Copa Luis B. Nofal,,Boca Juniors,1-2,River Plate,2,1,Malvinas Argentinas; (Mendoza),River,Amistoso
2014-03-30,Torneo Final 2014,10,Boca Juniors,1-2,River Plate,2,1,La Bombonera,River,Oficial
2014-05-31,Copa BBVA Banco Francés (3.ª edición),,Boca Juniors,1-1,River Plate,1,1,"Azteca; (México D.F., México)",Empate,Amistoso
2014-10-05,Torneo Transición 2014,10,River Plate,1-1,Boca Juniors,1,1,El Monumental,Empate,Oficial
2014-11-20,Copa Sudamericana,Semifinal,Boca Juniors,0-0,River Plate,0,0,La Bombonera,Empate,Oficial
2014-11-27,Copa Sudamericana,Semifinal,River Plate,1-0,Boca Juniors,1,0,El Monumental,River,Oficial
2015-01-24,Copa Julio Humberto Grondona,,Boca Juniors,1-0,River Plate,0,1,José María Minella; (Mar del Plata),Boca,Amistoso
2015-01-31,Copa Luis B. Nofal,,Boca Juniors,5-0,River Plate,0,5,Malvinas Argentinas; (Mendoza),Boca,Amistoso
2015-05-03,Campeonato 2015,11,Boca Juniors,2-0,River Plate,0,2,La Bombonera,Boca,Oficial
2015-05-07,Copa Libertadores de América,Octavos de final (Ida),River Plate,1-0,Boca Juniors,1,0,El Monumental,River,Oficial
2015-05-14,Copa Libertadores de América,Octavos de final (Vuelta),Boca Juniors,0-0,River Plate,0,0,La Bombonera,Empate,Oficial
2015-09-13,Campeonato 2015,24,River Plate,0-1,Boca Juniors,0,1,El Monumental,Boca,Oficial
2015-10-10,Copa BBVA Banco Francés (4.ª edición),,Boca Juniors,0-1,River Plate,1,0,Mario A. Kempes; (Córdoba),River,Amistoso
2016-01-23,Copa Luis B. Nofal,,Boca Juniors,0-1,River Plate,1,0,José María Minella; (Mar del Plata),River,Amistoso
2016-01-30,Copa Luis B. Nofal,,Boca Juniors,0-1,River Plate,1,0,Malvinas Argentinas; (Mendoza),River,Amistoso
2016-03-06,Campeonato 2016,06,River Plate,0-0,Boca Juniors,0,0,El Monumental,Empate,Oficial
2016-04-24,Campeonato 2016,12,Boca Juniors,0-0,River Plate,0,0,La Bombonera,Empate,Oficial
2016-12-11,Campeonato 2016-17,13,River Plate,2-4,Boca Juniors,2,4,El Monumental,Boca,Oficial
2017-01-28,Copa Luis B. Nofal,,Boca Juniors,0-2,River Plate,2,0,José María Minella; (Mar del Plata),River,Amistoso
2017-05-14,Campeonato 2016-17,24,Boca Juniors,1-3,River Plate,3,1,La Bombonera,River,Oficial
2017-09-02,Copa BBVA Banco Francés (5.ª edición),,Boca Juniors,1-0,River Plate,0,1,San Juan del Bicentenario; (San Juan),Boca,Amistoso
2017-11-05,Superliga 2017-18,08,River Plate,1-2,Boca Juniors,1,2,El Monumental,Boca,Oficial
2018-01-21,Copa de Verano Schneider,,Boca Juniors,0-1,River Plate,1,0,José María Minella; (Mar del Plata),River,Amistoso
2018-03-14,Supercopa Argentina 2017,Final,Boca Juniors,0-2,River Plate,2,0,Malvinas Argentinas,River,Oficial
2018-09-23,Superliga 2018-19,06,Boca Juniors,0-2,River Plate,2,0,La Bombonera,River,Oficial
2018-11-11,Copa Libertadores de América,Final (Ida),Boca Juniors,2-2,River Plate,2,2,La Bombonera,Empate,Oficial
2018-12-09,Copa Libertadores de América,Final (Vuelta),River Plate,3-1,Boca Juniors,3,1,Estadio Santiago Bernabéu; (Real Madrid),River,Oficial
2019-09-01,Superliga 2019-20,05,River Plate,0-0,Boca Juniors,0,0,El Monumental,Empate,Oficial
2019-10-01,Copa Libertadores de América,Semifinal (Ida),River Plate,2-0,Boca Juniors,2,0,El Monumental,River,Oficial
2019-10-22,Copa Libertadores de América,Semifinal (Vuelta),Boca Juniors,1-0,River Plate,0,1,La Bombonera,Boca,Oficial
2021-01-02,Copa de la Liga Profesional 2020,Fase campeón,Boca Juniors,2-2,River Plate,2,2,La Bombonera,Empate,Oficial
2021-03-14,Copa de la Liga Profesional 2021,Primera fase,Boca Juniors,1-1,River Plate,1,1,La Bombonera,Empate,Oficial
2021-05-16,Copa de la Liga Profesional 2021,Cuartos de final,Boca Juniors,1-1,River Plate,1,1,La Bombonera,Empate,Oficial
2021-08-04,Copa Argentina 2019/20,Octavos de final,Boca Juniors,0-0,River Plate,0,0,Ciudad de la Plata,Empate,Oficial
2021-10-03,Liga Profesional 2021,14,River Plate,2-1,Boca Juniors,2,1,El Monumental,River,Oficial
2022-03-20,Copa de la Liga Profesional 2022,Primera fase,River Plate,0-1,Boca Juniors,0,1,El Monumental,Boca,Oficial
2022-09-11,Liga Profesional 2022,18,Boca Juniors,1-0,River Plate,0,1,La Bombonera,Boca,Oficial
2023-05-07,Liga Profesional 2023,15,River Plate,1-0,Boca Juniors,1,0,El Monumental,River,Oficial
2023-10-01,Copa de la Liga Profesional 2023,Primera fase,Boca Juniors,0-2,River Plate,2,0,La Bombonera,River,Oficial
2024-02-25,Copa de la Liga Profesional 2024,Primera fase,River Plate,1-1,Boca Juniors,1,1,El Monumental,Empate,Oficial
2024-04-21,Copa de la Liga Profesional 2024,Cuartos de final,River Plate,2-3,Boca Juniors,2,3,Mario Alberto Kempes,Boca,Oficial
2024-09-21,Liga Profesional 2024,15,Boca Juniors,0-1,River Plate,1,0,La Bombonera,River,Oficial
2025-04-27,Torneo Apertura 2025,15,River Plate,2-1,Boca Juniors,2,1,El Monumental,River,Oficial
2025-11-09,Torneo Clausura 2025,15,Boca Juniors,2-0,River Plate,0,2,La Bombonera,Boca,Oficial
2026-04-19,Torneo Apertura 2026,15,River Plate,0-1,Boca Juniors,0,1,El Monumental,Boca,Oficial
